Traffic_direction;year;quarter;Quarter_txt;month;Month_txt;Tariffnumber8;Tariffnumber8_txt;Control_code;Control_code_txt;Country_isoAlpha2;Country_num;Country_txt;Quantity_kg;Value_CHF;Value_EUR;Value_USD;status;Update
I;2026;3;3. quarter;8;August;7108.1200;Gold, incl. gold plated with platinum, in unwrought forms, for non-monetary purposes (excl. gold in powder form) included in the special trade since 1.1.2012;911;"mined gold (according to the \Explanatory notes\"")""";PE;483;Peru;3190.0;2.18588476E8;2.3120103106520003E8;2.67880177338E8;prov;2026-09-10T00:00:00.000+02:00
I;2026;3;3. quarter;8;August;7108.1200;Gold, incl. gold plated with platinum, in unwrought forms, for non-monetary purposes (excl. gold in powder form) included in the special trade since 1.1.2012;914;less than 99.5% of gold;IT;113;Italy;418.0;3.0565778E7;3.2329423390600003E7;3.7458360939E7;prov;2026-09-10T00:00:00.000+02:00
I;2026;3;3. quarter;8;August;7108.1200;Gold, incl. gold plated with platinum, in unwrought forms, for non-monetary purposes (excl. gold in powder form) included in the special trade since 1.1.2012;911;"mined gold (according to the \Explanatory notes\"")""";FI;127;Finland;545.0;5.6422173E7;5.967773238210001E7;6.91453730115E7;prov;2026-09-10T00:00:00.000+02:00
I;2026;3;3. quarter;8;August;7108.1200;Gold, incl. gold plated with platinum, in unwrought forms, for non-monetary purposes (excl. gold in powder form) included in the special trade since 1.1.2012;911;"mined gold (according to the \Explanatory notes\"")""";AZ;186;Azerbaijan;591.0;2.9838107E7;3.1559765773900002E7;3.65666001285E7;prov;2026-09-10T00:00:00.000+02:00
I;2026;3;3. quarter;8;August;7108.1200;Gold, incl. gold plated with platinum, in unwrought forms, for non-monetary purposes (excl. gold in powder form) included in the special trade since 1.1.2012;914;less than 99.5% of gold;GB;122;United Kingdom;2.0;1134.0;1199.4318;1389.717;prov;2026-09-10T00:00:00.000+02:00
I;2026;3;3. quarter;8;August;7108.1200;Gold, incl. gold plated with platinum, in unwrought forms, for non-monetary purposes (excl. gold in powder form) included in the special trade since 1.1.2012;911;"mined gold (according to the \Explanatory notes\"")""";SE;125;Sweden;113.0;1.2161492E7;1.28632100884E7;1.4903908446E7;prov;2026-09-10T00:00:00.000+02:00
I;2026;3;3. quarter;8;August;7108.1200;Gold, incl. gold plated with platinum, in unwrought forms, for non-monetary purposes (excl. gold in powder form) included in the special trade since 1.1.2012;911;"mined gold (according to the \Explanatory notes\"")""";EG;201;Egypt;1230.0;1.15421982E8;1.2208183036140001E8;1.41449638941E8;prov;2026-09-10T00:00:00.000+02:00
I;2026;3;3. quarter;8;August;7108.1200;Gold, incl. gold plated with platinum, in unwrought forms, for non-monetary purposes (excl. gold in powder form) included in the special trade since 1.1.2012;913;at least 99.5% of gold, for other uses;AE;324;United Arab Emirates;140.0;1.6191108E7;1.71253349316E7;1.9842202854000002E7;prov;2026-09-10T00:00:00.000+02:00
I;2026;3;3. quarter;8;August;7108.1200;Gold, incl. gold plated with platinum, in unwrought forms, for non-monetary purposes (excl. gold in powder form) included in the special trade since 1.1.2012;911;"mined gold (according to the \Explanatory notes\"")""";GN;235;Guinea;744.0;7.0334978E7;7.43933062306E7;8.6195515539E7;prov;2026-09-10T00:00:00.000+02:00
I;2026;3;3. quarter;8;August;7108.1200;Gold, incl. gold plated with platinum, in unwrought forms, for non-monetary purposes (excl. gold in powder form) included in the special trade since 1.1.2012;913;at least 99.5% of gold, for other uses;DE;111;Germany;308.0;3.3877423E7;3.5832150307100005E7;4.15167818865E7;prov;2026-09-10T00:00:00.000+02:00
I;2026;3;3. quarter;8;August;7108.1200;Gold, incl. gold plated with platinum, in unwrought forms, for non-monetary purposes (excl. gold in powder form) included in the special trade since 1.1.2012;913;at least 99.5% of gold, for other uses;US;403;United States;3002.0;3.16253743E8;3.3450158397110003E8;3.875689620465E8;prov;2026-09-10T00:00:00.000+02:00
I;2026;3;3. quarter;8;August;7108.1200;Gold, incl. gold plated with platinum, in unwrought forms, for non-monetary purposes (excl. gold in powder form) included in the special trade since 1.1.2012;913;at least 99.5% of gold, for other uses;AU;501;Australia;40.0;4291199.0;4538801.1823;5258864.3745;prov;2026-09-10T00:00:00.000+02:00
I;2026;3;3. quarter;8;August;7108.1200;Gold, incl. gold plated with platinum, in unwrought forms, for non-monetary purposes (excl. gold in powder form) included in the special trade since 1.1.2012;913;at least 99.5% of gold, for other uses;HK;375;Hong Kong;0.0;49726.0;52595.190200000005;60939.213;prov;2026-09-10T00:00:00.000+02:00
I;2026;3;3. quarter;8;August;7108.1200;Gold, incl. gold plated with platinum, in unwrought forms, for non-monetary purposes (excl. gold in powder form) included in the special trade since 1.1.2012;912;at least 99.5% of gold, for refining or other processing;US;403;United States;24877.0;2.692159872E9;2.8474974966144004E9;3.299241923136E9;prov;2026-09-10T00:00:00.000+02:00
I;2026;3;3. quarter;8;August;7108.1200;Gold, incl. gold plated with platinum, in unwrought forms, for non-monetary purposes (excl. gold in powder form) included in the special trade since 1.1.2012;911;"mined gold (according to the \Explanatory notes\"")""";MR;225;Mauritania;800.0;8.1547646E7;8.625294517420001E7;9.993664017300001E7;prov;2026-09-10T00:00:00.000+02:00
I;2026;3;3. quarter;8;August;7108.1200;Gold, incl. gold plated with platinum, in unwrought forms, for non-monetary purposes (excl. gold in powder form) included in the special trade since 1.1.2012;913;at least 99.5% of gold, for other uses;AT;121;Austria;32.0;3376712.0;3571548.2824000004;4138160.5560000003;prov;2026-09-10T00:00:00.000+02:00
I;2026;3;3. quarter;8;August;7108.1200;Gold, incl. gold plated with platinum, in unwrought forms, for non-monetary purposes (excl. gold in powder form) included in the special trade since 1.1.2012;912;at least 99.5% of gold, for refining or other processing;TW;377;Taiwan;20.0;2158411.0;2282951.3147;2645132.6805000002;prov;2026-09-10T00:00:00.000+02:00
I;2026;3;3. quarter;8;August;7108.1200;Gold, incl. gold plated with platinum, in unwrought forms, for non-monetary purposes (excl. gold in powder form) included in the special trade since 1.1.2012;913;at least 99.5% of gold, for other uses;TR;149;Türkiye;511.0;5.5471177E7;5.867186391290001E7;6.79799274135E7;prov;2026-09-10T00:00:00.000+02:00
I;2026;3;3. quarter;8;August;7108.1200;Gold, incl. gold plated with platinum, in unwrought forms, for non-monetary purposes (excl. gold in powder form) included in the special trade since 1.1.2012;911;"mined gold (according to the \Explanatory notes\"")""";NI;415;Nicaragua;1105.0;1.8722207E7;1.9802478343900003E7;2.29440646785E7;prov;2026-09-10T00:00:00.000+02:00
I;2026;3;3. quarter;8;August;7108.1200;Gold, incl. gold plated with platinum, in unwrought forms, for non-monetary purposes (excl. gold in powder form) included in the special trade since 1.1.2012;911;"mined gold (according to the \Explanatory notes\"")""";CL;479;Chile;9626.0;6.3855622E7;6.75400913894E7;7.8255064761E7;prov;2026-09-10T00:00:00.000+02:00
I;2026;3;3. quarter;8;August;7108.1200;Gold, incl. gold plated with platinum, in unwrought forms, for non-monetary purposes (excl. gold in powder form) included in the special trade since 1.1.2012;911;"mined gold (according to the \Explanatory notes\"")""";EC;485;Ecuador;1099.0;8.2949336E7;8.773551268720001E7;1.01654411268E8;prov;2026-09-10T00:00:00.000+02:00
I;2026;3;3. quarter;8;August;7108.1200;Gold, incl. gold plated with platinum, in unwrought forms, for non-monetary purposes (excl. gold in powder form) included in the special trade since 1.1.2012;912;at least 99.5% of gold, for refining or other processing;BE;116;Belgium;462.0;5.4149611E7;5.72740435547E7;6.63603482805E7;prov;2026-09-10T00:00:00.000+02:00
I;2026;3;3. quarter;8;August;7108.1200;Gold, incl. gold plated with platinum, in unwrought forms, for non-monetary purposes (excl. gold in powder form) included in the special trade since 1.1.2012;914;less than 99.5% of gold;DE;111;Germany;4281.0;2.96960076E8;3.140946723852E8;3.63924573138E8;prov;2026-09-10T00:00:00.000+02:00
I;2026;3;3. quarter;8;August;7108.1200;Gold, incl. gold plated with platinum, in unwrought forms, for non-monetary purposes (excl. gold in powder form) included in the special trade since 1.1.2012;914;less than 99.5% of gold;ZA;267;South Africa;100.0;1.0945883E7;1.15774604491E7;1.34141796165E7;prov;2026-09-10T00:00:00.000+02:00
I;2026;3;3. quarter;8;August;7108.1200;Gold, incl. gold plated with platinum, in unwrought forms, for non-monetary purposes (excl. gold in powder form) included in the special trade since 1.1.2012;914;less than 99.5% of gold;JO;307;Jordan;350.0;3.5468338E7;3.75148611026E7;4.3466448219000004E7;prov;2026-09-10T00:00:00.000+02:00
I;2026;3;3. quarter;8;August;7108.1200;Gold, incl. gold plated with platinum, in unwrought forms, for non-monetary purposes (excl. gold in powder form) included in the special trade since 1.1.2012;911;"mined gold (according to the \Explanatory notes\"")""";PH;389;Philippines;1232.0;6.6950483E7;7.08135258691E7;8.20478169165E7;prov;2026-09-10T00:00:00.000+02:00
I;2026;3;3. quarter;8;August;7108.1200;Gold, incl. gold plated with platinum, in unwrought forms, for non-monetary purposes (excl. gold in powder form) included in the special trade since 1.1.2012;912;at least 99.5% of gold, for refining or other processing;CA;401;Canada;16.0;1883954.0;1992658.1458;2308785.627;prov;2026-09-10T00:00:00.000+02:00
I;2026;3;3. quarter;8;August;7108.1200;Gold, incl. gold plated with platinum, in unwrought forms, for non-monetary purposes (excl. gold in powder form) included in the special trade since 1.1.2012;911;"mined gold (according to the \Explanatory notes\"")""";CI;227;Côte d'Ivoire;2995.0;2.32462695E8;2.458757925015E8;2.848830327225E8;prov;2026-09-10T00:00:00.000+02:00
I;2026;3;3. quarter;8;August;7108.1200;Gold, incl. gold plated with platinum, in unwrought forms, for non-monetary purposes (excl. gold in powder form) included in the special trade since 1.1.2012;914;less than 99.5% of gold;FR;112;France;284.0;2.5991072E7;2.74907568544E7;3.1852058736E7;prov;2026-09-10T00:00:00.000+02:00
I;2026;3;3. quarter;8;August;7108.1200;Gold, incl. gold plated with platinum, in unwrought forms, for non-monetary purposes (excl. gold in powder form) included in the special trade since 1.1.2012;912;at least 99.5% of gold, for refining or other processing;TH;353;Thailand;5293.0;6.18120219E8;6.537857556363001E8;7.575063283845E8;prov;2026-09-10T00:00:00.000+02:00
I;2026;3;3. quarter;8;August;7108.1200;Gold, incl. gold plated with platinum, in unwrought forms, for non-monetary purposes (excl. gold in powder form) included in the special trade since 1.1.2012;912;at least 99.5% of gold, for refining or other processing;KR;385;Korea, Republic of;543.0;5.8919754E7;6.2319423805800006E7;7.2206158527E7;prov;2026-09-10T00:00:00.000+02:00
I;2026;3;3. quarter;8;August;7108.1200;Gold, incl. gold plated with platinum, in unwrought forms, for non-monetary purposes (excl. gold in powder form) included in the special trade since 1.1.2012;911;"mined gold (according to the \Explanatory notes\"")""";MN;371;Mongolia;772.0;7.385425E7;7.811564022500001E7;9.0508383375E7;prov;2026-09-10T00:00:00.000+02:00
I;2026;3;3. quarter;8;August;7108.1200;Gold, incl. gold plated with platinum, in unwrought forms, for non-monetary purposes (excl. gold in powder form) included in the special trade since 1.1.2012;912;at least 99.5% of gold, for refining or other processing;NO;124;Norway;107.0;1.1861894E7;1.25463252838E7;1.4536751097000001E7;prov;2026-09-10T00:00:00.000+02:00
I;2026;3;3. quarter;8;August;7108.1200;Gold, incl. gold plated with platinum, in unwrought forms, for non-monetary purposes (excl. gold in powder form) included in the special trade since 1.1.2012;912;at least 99.5% of gold, for refining or other processing;IT;113;Italy;550.0;6.1591484E7;6.514531262680001E7;7.5480363642E7;prov;2026-09-10T00:00:00.000+02:00
I;2026;3;3. quarter;8;August;7108.1200;Gold, incl. gold plated with platinum, in unwrought forms, for non-monetary purposes (excl. gold in powder form) included in the special trade since 1.1.2012;911;"mined gold (according to the \Explanatory notes\"")""";AR;475;Argentina;12411.0;1.95001905E8;2.062535149185E8;2.3897483457750002E8;prov;2026-09-10T00:00:00.000+02:00
I;2026;3;3. quarter;8;August;7108.1200;Gold, incl. gold plated with platinum, in unwrought forms, for non-monetary purposes (excl. gold in powder form) included in the special trade since 1.1.2012;914;less than 99.5% of gold;SG;359;Singapore;189.0;1.9941379E7;2.10919965683E7;2.44381599645E7;prov;2026-09-10T00:00:00.000+02:00
I;2026;3;3. quarter;8;August;7108.1200;Gold, incl. gold plated with platinum, in unwrought forms, for non-monetary purposes (excl. gold in powder form) included in the special trade since 1.1.2012;911;"mined gold (according to the \Explanatory notes\"")""";CO;455;Colombia;26.0;2407569.0;2546485.7313;2950475.8095;prov;2026-09-10T00:00:00.000+02:00
I;2026;3;3. quarter;8;August;7108.1200;Gold, incl. gold plated with platinum, in unwrought forms, for non-monetary purposes (excl. gold in powder form) included in the special trade since 1.1.2012;912;at least 99.5% of gold, for refining or other processing;ZA;267;South Africa;175.0;1.92929E7;2.0406100330000002E7;2.364344895E7;prov;2026-09-10T00:00:00.000+02:00
I;2026;3;3. quarter;8;August;7108.1200;Gold, incl. gold plated with platinum, in unwrought forms, for non-monetary purposes (excl. gold in powder form) included in the special trade since 1.1.2012;912;at least 99.5% of gold, for refining or other processing;PL;153;Poland;201.0;2.4209819E7;2.5606725556300003E7;2.96691331845E7;prov;2026-09-10T00:00:00.000+02:00
I;2026;3;3. quarter;8;August;7108.1200;Gold, incl. gold plated with platinum, in unwrought forms, for non-monetary purposes (excl. gold in powder form) included in the special trade since 1.1.2012;913;at least 99.5% of gold, for other uses;NL;114;Netherlands;14.0;1620863.0;1714386.7951000002;1986367.6065;prov;2026-09-10T00:00:00.000+02:00
I;2026;3;3. quarter;8;August;7108.1200;Gold, incl. gold plated with platinum, in unwrought forms, for non-monetary purposes (excl. gold in powder form) included in the special trade since 1.1.2012;911;"mined gold (according to the \Explanatory notes\"")""";ES;145;Spain;88.0;5438995.0;5752825.0115;6665488.3725000005;prov;2026-09-10T00:00:00.000+02:00
I;2026;3;3. quarter;8;August;7108.1200;Gold, incl. gold plated with platinum, in unwrought forms, for non-monetary purposes (excl. gold in powder form) included in the special trade since 1.1.2012;913;at least 99.5% of gold, for other uses;GB;122;United Kingdom;1.0;105787.0;111890.90990000001;129641.9685;prov;2026-09-10T00:00:00.000+02:00
I;2026;3;3. quarter;8;August;7108.1200;Gold, incl. gold plated with platinum, in unwrought forms, for non-monetary purposes (excl. gold in powder form) included in the special trade since 1.1.2012;912;at least 99.5% of gold, for refining or other processing;CL;479;Chile;101.0;1.0819012E7;1.1443268992400002E7;1.3258699206E7;prov;2026-09-10T00:00:00.000+02:00
I;2026;3;3. quarter;8;August;7108.1200;Gold, incl. gold plated with platinum, in unwrought forms, for non-monetary purposes (excl. gold in powder form) included in the special trade since 1.1.2012;912;at least 99.5% of gold, for refining or other processing;DE;111;Germany;5.0;501262.0;530184.8174;614296.581;prov;2026-09-10T00:00:00.000+02:00
I;2026;3;3. quarter;8;August;7108.1200;Gold, incl. gold plated with platinum, in unwrought forms, for non-monetary purposes (excl. gold in powder form) included in the special trade since 1.1.2012;911;"mined gold (according to the \Explanatory notes\"")""";GH;243;Ghana;5286.0;5.33993442E8;5.648048636034E8;6.54408963171E8;prov;2026-09-10T00:00:00.000+02:00
I;2026;3;3. quarter;8;August;7108.1200;Gold, incl. gold plated with platinum, in unwrought forms, for non-monetary purposes (excl. gold in powder form) included in the special trade since 1.1.2012;912;at least 99.5% of gold, for refining or other processing;AU;501;Australia;664.0;7.2648424E7;7.684023806480001E7;8.9030643612E7;prov;2026-09-10T00:00:00.000+02:00
I;2026;3;3. quarter;8;August;7108.1200;Gold, incl. gold plated with platinum, in unwrought forms, for non-monetary purposes (excl. gold in powder form) included in the special trade since 1.1.2012;912;at least 99.5% of gold, for refining or other processing;AT;121;Austria;0.0;55736.0;58951.96720000001;68304.46800000001;prov;2026-09-10T00:00:00.000+02:00
I;2026;3;3. quarter;8;August;7108.1200;Gold, incl. gold plated with platinum, in unwrought forms, for non-monetary purposes (excl. gold in powder form) included in the special trade since 1.1.2012;911;"mined gold (according to the \Explanatory notes\"")""";CA;401;Canada;2335.0;1.46168011E8;1.5460190523470002E8;1.791288974805E8;prov;2026-09-10T00:00:00.000+02:00
I;2026;3;3. quarter;8;August;7108.1200;Gold, incl. gold plated with platinum, in unwrought forms, for non-monetary purposes (excl. gold in powder form) included in the special trade since 1.1.2012;914;less than 99.5% of gold;LB;303;Lebanon;128.0;1.2864935E7;1.36072417495E7;1.5765977842500001E7;prov;2026-09-10T00:00:00.000+02:00
I;2026;3;3. quarter;8;August;7108.1200;Gold, incl. gold plated with platinum, in unwrought forms, for non-monetary purposes (excl. gold in powder form) included in the special trade since 1.1.2012;914;less than 99.5% of gold;CA;401;Canada;1.0;37660.0;39832.982;46152.33;prov;2026-09-10T00:00:00.000+02:00
I;2026;3;3. quarter;8;August;7108.1200;Gold, incl. gold plated with platinum, in unwrought forms, for non-monetary purposes (excl. gold in powder form) included in the special trade since 1.1.2012;911;"mined gold (according to the \Explanatory notes\"")""";BR;465;Brazil;1655.0;1.30658792E8;1.381978042984E8;1.6012234959600002E8;prov;2026-09-10T00:00:00.000+02:00
I;2026;3;3. quarter;8;August;7108.1200;Gold, incl. gold plated with platinum, in unwrought forms, for non-monetary purposes (excl. gold in powder form) included in the special trade since 1.1.2012;912;at least 99.5% of gold, for refining or other processing;TZ;285;Tanzania, United Republic of;450.0;4.8765498E7;5.157926723460001E7;5.9762117799E7;prov;2026-09-10T00:00:00.000+02:00
I;2026;3;3. quarter;8;August;7108.1200;Gold, incl. gold plated with platinum, in unwrought forms, for non-monetary purposes (excl. gold in powder form) included in the special trade since 1.1.2012;914;less than 99.5% of gold;TH;353;Thailand;1410.0;1.56137884E8;1.651470399068E8;1.91346976842E8;prov;2026-09-10T00:00:00.000+02:00
I;2026;3;3. quarter;8;August;7108.1200;Gold, incl. gold plated with platinum, in unwrought forms, for non-monetary purposes (excl. gold in powder form) included in the special trade since 1.1.2012;911;"mined gold (according to the \Explanatory notes\"")""";SA;311;Saudi Arabia;274.0;2.6604253E7;2.8139318398100004E7;3.26035120515E7;prov;2026-09-10T00:00:00.000+02:00
I;2026;3;3. quarter;8;August;7108.1200;Gold, incl. gold plated with platinum, in unwrought forms, for non-monetary purposes (excl. gold in powder form) included in the special trade since 1.1.2012;912;at least 99.5% of gold, for refining or other processing;LB;303;Lebanon;1276.0;1.47394463E8;1.558991235151E8;1.806319144065E8;prov;2026-09-10T00:00:00.000+02:00
I;2026;3;3. quarter;8;August;7108.1200;Gold, incl. gold plated with platinum, in unwrought forms, for non-monetary purposes (excl. gold in powder form) included in the special trade since 1.1.2012;912;at least 99.5% of gold, for refining or other processing;JP;387;Japan;2154.0;2.34472817E8;2.4800189854090002E8;2.873464372335E8;prov;2026-09-10T00:00:00.000+02:00
I;2026;3;3. quarter;8;August;7108.1200;Gold, incl. gold plated with platinum, in unwrought forms, for non-monetary purposes (excl. gold in powder form) included in the special trade since 1.1.2012;911;"mined gold (according to the \Explanatory notes\"")""";US;403;United States;737.0;6.2380944E7;6.598032446880001E7;7.644784687200001E7;prov;2026-09-10T00:00:00.000+02:00
I;2026;3;3. quarter;8;August;7108.1200;Gold, incl. gold plated with platinum, in unwrought forms, for non-monetary purposes (excl. gold in powder form) included in the special trade since 1.1.2012;911;"mined gold (according to the \Explanatory notes\"")""";NG;245;Nigeria, Federal Republic of;273.0;2.1866162E7;2.31278395474E7;2.6796981531E7;prov;2026-09-10T00:00:00.000+02:00
I;2026;3;3. quarter;8;August;7108.1200;Gold, incl. gold plated with platinum, in unwrought forms, for non-monetary purposes (excl. gold in powder form) included in the special trade since 1.1.2012;914;less than 99.5% of gold;MX;405;Mexico;784.0;4.6694539E7;4.93888139003E7;5.72241575445E7;prov;2026-09-10T00:00:00.000+02:00
I;2026;3;3. quarter;8;August;7108.1200;Gold, incl. gold plated with platinum, in unwrought forms, for non-monetary purposes (excl. gold in powder form) included in the special trade since 1.1.2012;911;"mined gold (according to the \Explanatory notes\"")""";LA;365;Lao, People's Democratic Republic;679.0;1.6298435E7;1.7238854699500002E7;1.99737320925E7;prov;2026-09-10T00:00:00.000+02:00
I;2026;3;3. quarter;8;August;7108.1200;Gold, incl. gold plated with platinum, in unwrought forms, for non-monetary purposes (excl. gold in powder form) included in the special trade since 1.1.2012;912;at least 99.5% of gold, for refining or other processing;AE;324;United Arab Emirates;74568.0;8.599889472E9;9.0961030945344E9;1.0539164547936E10;prov;2026-09-10T00:00:00.000+02:00
I;2026;3;3. quarter;8;August;7108.1200;Gold, incl. gold plated with platinum, in unwrought forms, for non-monetary purposes (excl. gold in powder form) included in the special trade since 1.1.2012;912;at least 99.5% of gold, for refining or other processing;NI;415;Nicaragua;561.0;7222855.0;7639613.733500001;8851608.8025;prov;2026-09-10T00:00:00.000+02:00
I;2026;3;3. quarter;8;August;7108.1200;Gold, incl. gold plated with platinum, in unwrought forms, for non-monetary purposes (excl. gold in powder form) included in the special trade since 1.1.2012;914;less than 99.5% of gold;US;403;United States;109.0;1.0981448E7;1.1615077549600001E7;1.3457764524E7;prov;2026-09-10T00:00:00.000+02:00
I;2026;3;3. quarter;8;August;7108.1200;Gold, incl. gold plated with platinum, in unwrought forms, for non-monetary purposes (excl. gold in powder form) included in the special trade since 1.1.2012;911;"mined gold (according to the \Explanatory notes\"")""";SN;221;Senegal;1317.0;1.40499732E8;1.4860656653640002E8;1.72182421566E8;prov;2026-09-10T00:00:00.000+02:00
I;2026;3;3. quarter;8;August;7108.1200;Gold, incl. gold plated with platinum, in unwrought forms, for non-monetary purposes (excl. gold in powder form) included in the special trade since 1.1.2012;914;less than 99.5% of gold;AU;501;Australia;1.0;29521.0;31224.3617;36177.9855;prov;2026-09-10T00:00:00.000+02:00
I;2026;3;3. quarter;8;August;7108.1200;Gold, incl. gold plated with platinum, in unwrought forms, for non-monetary purposes (excl. gold in powder form) included in the special trade since 1.1.2012;914;less than 99.5% of gold;DK;123;Denmark;12.0;1485137.0;1570829.4049000002;1820035.3935;prov;2026-09-10T00:00:00.000+02:00
I;2026;3;3. quarter;8;August;7108.1200;Gold, incl. gold plated with platinum, in unwrought forms, for non-monetary purposes (excl. gold in powder form) included in the special trade since 1.1.2012;912;at least 99.5% of gold, for refining or other processing;HK;375;Hong Kong;1112.0;1.30997295E8;1.385558389215E8;1.605371850225E8;prov;2026-09-10T00:00:00.000+02:00
I;2026;3;3. quarter;8;August;7108.1200;Gold, incl. gold plated with platinum, in unwrought forms, for non-monetary purposes (excl. gold in powder form) included in the special trade since 1.1.2012;913;at least 99.5% of gold, for other uses;IT;113;Italy;9617.0;1.096280418E9;1.1595357981186001E9;1.343491652259E9;prov;2026-09-10T00:00:00.000+02:00
I;2026;3;3. quarter;8;August;7108.1200;Gold, incl. gold plated with platinum, in unwrought forms, for non-monetary purposes (excl. gold in powder form) included in the special trade since 1.1.2012;912;at least 99.5% of gold, for refining or other processing;SG;359;Singapore;399.0;4.7444616E7;5.0182170343200006E7;5.8143376908E7;prov;2026-09-10T00:00:00.000+02:00
I;2026;3;3. quarter;8;August;7108.1200;Gold, incl. gold plated with platinum, in unwrought forms, for non-monetary purposes (excl. gold in powder form) included in the special trade since 1.1.2012;911;"mined gold (according to the \Explanatory notes\"")""";LR;241;Liberia;961.0;9.8763636E7;1.0446229779720001E8;1.21034835918E8;prov;2026-09-10T00:00:00.000+02:00
I;2026;3;3. quarter;8;August;7108.1200;Gold, incl. gold plated with platinum, in unwrought forms, for non-monetary purposes (excl. gold in powder form) included in the special trade since 1.1.2012;913;at least 99.5% of gold, for other uses;IE;143;Ireland;0.0;28729.0;30386.663300000004;35207.3895;prov;2026-09-10T00:00:00.000+02:00
I;2026;3;3. quarter;8;August;7108.1200;Gold, incl. gold plated with platinum, in unwrought forms, for non-monetary purposes (excl. gold in powder form) included in the special trade since 1.1.2012;911;"mined gold (according to the \Explanatory notes\"")""";SR;461;Suriname;853.0;7.9160212E7;8.37277562324E7;9.701083980600001E7;prov;2026-09-10T00:00:00.000+02:00
I;2026;3;3. quarter;8;August;7108.1200;Gold, incl. gold plated with platinum, in unwrought forms, for non-monetary purposes (excl. gold in powder form) included in the special trade since 1.1.2012;912;at least 99.5% of gold, for refining or other processing;PE;483;Peru;3783.0;2.6100706E7;2.76067167362E7;3.1986415203E7;prov;2026-09-10T00:00:00.000+02:00
I;2026;3;3. quarter;8;August;7108.1200;Gold, incl. gold plated with platinum, in unwrought forms, for non-monetary purposes (excl. gold in powder form) included in the special trade since 1.1.2012;911;"mined gold (according to the \Explanatory notes\"")""";BF;229;Burkina Faso;3586.0;3.51732721E8;3.7202769900170004E8;4.310484495855E8;prov;2026-09-10T00:00:00.000+02:00
I;2026;3;3. quarter;8;August;7108.1200;Gold, incl. gold plated with platinum, in unwrought forms, for non-monetary purposes (excl. gold in powder form) included in the special trade since 1.1.2012;912;at least 99.5% of gold, for refining or other processing;CN;373;China, People's Republic of;2462.0;2.89556659E8;3.062640782243E8;3.548516856045E8;prov;2026-09-10T00:00:00.000+02:00
I;2026;3;3. quarter;8;August;7108.1200;Gold, incl. gold plated with platinum, in unwrought forms, for non-monetary purposes (excl. gold in powder form) included in the special trade since 1.1.2012;911;"mined gold (according to the \Explanatory notes\"")""";MY;355;Malaysia;27.0;2924780.0;3093539.8060000003;3584317.89;prov;2026-09-10T00:00:00.000+02:00
I;2026;3;3. quarter;8;August;7108.1200;Gold, incl. gold plated with platinum, in unwrought forms, for non-monetary purposes (excl. gold in powder form) included in the special trade since 1.1.2012;912;at least 99.5% of gold, for refining or other processing;ES;145;Spain;0.0;12099.0;12797.1123;14827.3245;prov;2026-09-10T00:00:00.000+02:00
I;2026;3;3. quarter;8;August;7108.1200;Gold, incl. gold plated with platinum, in unwrought forms, for non-monetary purposes (excl. gold in powder form) included in the special trade since 1.1.2012;914;less than 99.5% of gold;CN;373;China, People's Republic of;0.0;8.0;8.4616;9.804;prov;2026-09-10T00:00:00.000+02:00
I;2026;3;3. quarter;8;August;7108.1200;Gold, incl. gold plated with platinum, in unwrought forms, for non-monetary purposes (excl. gold in powder form) included in the special trade since 1.1.2012;912;at least 99.5% of gold, for refining or other processing;TR;149;Türkiye;6799.0;7.5449221E8;7.980264105170001E8;9.24630203355E8;prov;2026-09-10T00:00:00.000+02:00
I;2026;3;3. quarter;8;August;7108.1200;Gold, incl. gold plated with platinum, in unwrought forms, for non-monetary purposes (excl. gold in powder form) included in the special trade since 1.1.2012;914;less than 99.5% of gold;CO;455;Colombia;56.0;4455416.0;4712493.5032;5460112.308;prov;2026-09-10T00:00:00.000+02:00
I;2026;3;3. quarter;8;August;7108.1200;Gold, incl. gold plated with platinum, in unwrought forms, for non-monetary purposes (excl. gold in powder form) included in the special trade since 1.1.2012;914;less than 99.5% of gold;PA;419;Panama;50.0;3383145.0;3578352.4665;4146044.1975000002;prov;2026-09-10T00:00:00.000+02:00
I;2026;3;3. quarter;8;August;7108.1200;Gold, incl. gold plated with platinum, in unwrought forms, for non-monetary purposes (excl. gold in powder form) included in the special trade since 1.1.2012;911;"mined gold (according to the \Explanatory notes\"")""";MX;405;Mexico;1191.0;4.2713094E7;4.51776395238E7;5.2344896697000004E7;prov;2026-09-10T00:00:00.000+02:00
I;2026;3;3. quarter;8;August;7108.1200;Gold, incl. gold plated with platinum, in unwrought forms, for non-monetary purposes (excl. gold in powder form) included in the special trade since 1.1.2012;914;less than 99.5% of gold;MY;355;Malaysia;637.0;6.9204709E7;7.319782070930001E7;8.48103708795E7;prov;2026-09-10T00:00:00.000+02:00
I;2026;3;3. quarter;8;August;7108.1200;Gold, incl. gold plated with platinum, in unwrought forms, for non-monetary purposes (excl. gold in powder form) included in the special trade since 1.1.2012;914;less than 99.5% of gold;TZ;285;Tanzania, United Republic of;196.0;1.9950693E7;2.1101847986100003E7;2.44495742715E7;prov;2026-09-10T00:00:00.000+02:00
I;2026;3;3. quarter;8;August;7108.1200;Gold, incl. gold plated with platinum, in unwrought forms, for non-monetary purposes (excl. gold in powder form) included in the special trade since 1.1.2012;914;less than 99.5% of gold;ES;145;Spain;28.0;2261616.0;2392111.2432000004;2771610.4080000003;prov;2026-09-10T00:00:00.000+02:00
